CODE	200	5846
CODE	301	812
CODE	403	841
CODE	404	809
CODE	500	835
CODE	502	857
HOUR	00	379
HOUR	01	420
HOUR	02	423
HOUR	03	402
HOUR	04	426
HOUR	05	438
HOUR	06	432
HOUR	07	427
HOUR	08	398
HOUR	09	392
HOUR	10	404
HOUR	11	422
HOUR	12	392
HOUR	13	398
HOUR	14	460
HOUR	15	474
HOUR	16	444
HOUR	17	419
HOUR	18	393
HOUR	19	450
HOUR	20	380
HOUR	21	414
HOUR	22	415
HOUR	23	398
METHOD	DELETE	1393
METHOD	GET	5757
METHOD	POST	1438
METHOD	PUT	1412
PAGE	/404-page	374
PAGE	/about.html	380
PAGE	/admin	403
PAGE	/admin/settings	413
PAGE	/api/crash	406
PAGE	/api/data	415
PAGE	/api/orders	415
PAGE	/api/timeout	418
PAGE	/api/users	404
PAGE	/blog	380
PAGE	/blog/post-1	391
PAGE	/blog/post-2	416
PAGE	/contact.html	406
PAGE	/dashboard	361
PAGE	/deprecated	431
PAGE	/health	383
PAGE	/index.html	412
PAGE	/login	439
PAGE	/logout	396
PAGE	/old-link	400
PAGE	/products	402
PAGE	/profile	374
PAGE	/register	382
PAGE	/search	423
PAGE	/services	376
SIZE	200	24670080
SIZE	301	3206912
SIZE	403	3490688
SIZE	404	3144960
SIZE	500	3384448
SIZE	502	3885312
